,precision,recall,f1-score,support
Down,0.43566630921988364,0.3796973370351543,0.4057608852356944,255730.0
No Change,0.7218979354999221,0.7947808027293909,0.7565882031618094,576832.0
Up,0.39464551313832424,0.07596627962462224,0.12740756549111668,31435.0
accuracy,0.6457696033666783,0.6457696033666783,0.6457696033666783,0.6457696033666783
macro avg,0.5174032526193767,0.41681480646305585,0.42991888462954014,863997.0
weighted avg,0.625271218410012,0.6457696033666783,0.6298570184951686,863997.0
