,precision,recall,f1-score,support
Down,0.36614023633733805,0.6820161889492824,0.4764814918526998,255730.0
No Change,0.7970547947352419,0.4408250582491956,0.5676830840567545,576832.0
Up,0.17389276709853244,0.3795769047240337,0.23851597169471875,31435.0
accuracy,0.5099855670795154,0.5099855670795154,0.5099855670795154,0.5099855670795154
macro avg,0.44569593272370417,0.5008060506408372,0.42756018253472433,863997.0
weighted avg,0.6468379787534088,0.5099855670795154,0.5287126346785235,863997.0
