Model,Total Returns,AvgDailyReturn,AvgSharpeRatio,AvgSortinoRatio,AvgMDD,AvgNTrades,AvgTradingValue,AvgReturnOverTrade,AvgReturnOverMDD,MaxMDD,MaxPositionValue
GLFT,6813.587601999979,234.9512966206889,23.030227231580213,51.39080625243474,122.22611562068572,2822.6025521791707,9381359.116487777,2.141861591979357e-05,3.9327894506781353,652.1476689999487,143561.0
RF Tight Dynamic All,6486.872531000089,216.22908436666964,21.089737686199392,45.10945889450011,146.14384716666328,3708.76258826253,12351700.43862483,1.5094372709772302e-05,3.4754510858890764,675.1063239999497,147150.025
RF Wide Dynamic All,7366.8235240001,245.56078413333668,25.519900268578212,54.281829615828045,115.42943206666526,2254.7276305127907,7495627.057427943,2.9538333514104308e-05,4.39753075102271,642.0739499999619,143561.0
RF Tight Constant Train,7211.72592900015,240.390864300005,24.069072222409204,49.052942285418865,136.28402979999953,3619.152216691747,12038085.27323995,1.6893384128704115e-05,3.9294991315602514,675.1063239999716,147150.025
RF Wide Constant Train,7094.663411000194,236.48878036667313,24.227369717769058,52.23271362212039,120.57556779999669,2255.861095034147,7508275.150327585,2.777335892396053e-05,4.088623615718146,642.0739499999837,143561.0
RF Tight Constant Norm,7936.223603999908,264.5407867999969,28.55916050971117,56.32972077779369,120.81937596666833,3356.121773353397,11178214.976214832,2.095417163633236e-05,4.016138397118613,675.1063239999714,147150.025
RF Wide Constant Norm,6470.418032000122,215.68060106667073,21.129933095911497,47.60079495550114,122.12387769999906,2449.816876953351,8146150.518828562,2.240028474457519e-05,4.016138397118613,675.1063239999714,147150.025
